<?xml version="1.0" encoding="UTF-8"?>
<cdtprojectproperties>
<section name="org.eclipse.cdt.internal.ui.wizards.settingswizards.IncludePaths">
<language name="Assembly Source File">
<includepath>3rdparty/STM32F10x_StdPeriph_Driver/inc</includepath>
<includepath>3rdparty/STM32_USB-FS-Device_Driver/inc</includepath>
<includepath>3rdparty/Core</includepath>
<includepath>3rdparty/src</includepath>
<includepath>3rdparty/LCD_HD44780_Driver</includepath>
<includepath>3rdparty/eeprom/inc</includepath>
<includepath>3rdparty/LSM303DLH/inc</includepath>
<includepath>../pc/algorithms</includepath>
<includepath>3rdparty/L3G4200/inc</includepath>

</language>
<language name="C Source File">
<includepath>src</includepath>
<includepath>3rdparty/eeprom/inc</includepath>
<includepath>3rdparty/STM32F10x_StdPeriph_Driver/inc</includepath>
<includepath>3rdparty/Core</includepath>
<includepath>3rdparty/STM32_USB-FS-Device_Driver/inc</includepath>
<includepath>3rdparty/LSM303DLH/inc</includepath>
<includepath>3rdparty/LCD_HD44780_Driver</includepath>
<includepath>../pc/algorithms</includepath>
<includepath>3rdparty/L3G4200/inc</includepath>

</language>
<language name="Object File">

</language>
</section>
<section name="org.eclipse.cdt.internal.ui.wizards.settingswizards.Macros">
<language name="Assembly Source File">

</language>
<language name="C Source File">
<macro>
<name>STM32F10X_LD</name><value/>
</macro>
<macro>
<name>MALLOC_PROVIDED</name><value/>
</macro>
<macro>
<name>USE_STDPERIPH_DRIVER</name><value/>
</macro>

</language>
<language name="Object File">

</language>
</section>
</cdtprojectproperties>
